default,ACI_PHCDRR_5,https://qpp.cms.gov/docs/aci_specifications/Measure Specifications/MIPS ACI Measure_Clinical Data Registry Reporting.pdf
default,ACI_HIE_3,https://qpp.cms.gov/docs/aci_specifications/Measure Specifications/MIPS ACI Measure_Clinical Information Reconciliation.pdf
default,ACI_EP_1,https://qpp.cms.gov/docs/aci_specifications/Measure Specifications/MIPS ACI Measure_e-Prescribing.pdf
default,ACI_PHCDRR_3,https://qpp.cms.gov/docs/aci_specifications/Measure Specifications/MIPS ACI Measure_Electronic Case Reporting.pdf
default,ACI_PHCDRR_1,https://qpp.cms.gov/docs/aci_specifications/Measure Specifications/MIPS ACI Measure_Immunization Registry Reporting.pdf
default,ACI_CCTPE_3,https://qpp.cms.gov/docs/aci_specifications/Measure Specifications/MIPS ACI Measure_Patient-Generated Health Data.pdf
default,ACI_PEA_2,https://qpp.cms.gov/docs/aci_specifications/Measure Specifications/MIPS ACI Measure_Patient-Specific Education.pdf
default,ACI_PEA_1,https://qpp.cms.gov/docs/aci_specifications/Measure Specifications/MIPS ACI Measure_Provide Patient Access.pdf
default,ACI_PHCDRR_4,https://qpp.cms.gov/docs/aci_specifications/Measure Specifications/MIPS ACI Measure_Public Health Registry Reporting.pdf
default,ACI_HIE_2,https://qpp.cms.gov/docs/aci_specifications/Measure Specifications/MIPS ACI Measure_Request-Accept Summary of Care.pdf
default,ACI_CCTPE_2,https://qpp.cms.gov/docs/aci_specifications/Measure Specifications/MIPS ACI Measure_Secure Messaging.pdf
default,ACI_PPHI_1,https://qpp.cms.gov/docs/aci_specifications/Measure Specifications/MIPS ACI Measure_Security Risk Analysis.pdf
default,ACI_HIE_1,https://qpp.cms.gov/docs/aci_specifications/Measure Specifications/MIPS ACI Measure_Send a Summary of Care.pdf
default,ACI_PHCDRR_2,https://qpp.cms.gov/docs/aci_specifications/Measure Specifications/MIPS ACI Measure_Syndromic Surveillance Reporting.pdf
default,ACI_CCTPE_1,https://qpp.cms.gov/docs/aci_specifications/Measure Specifications/MIPS ACI Measure_View Download or Transmit (VDT).pdf
default,ACI_TRANS_EP_1,https://qpp.cms.gov/docs/aci_specifications/Transition Measure Specifications/MIPS 2017 ACI Transition Measure_e-Prescribing.pdf
default,ACI_TRANS_HIE_1,https://qpp.cms.gov/docs/aci_specifications/Transition Measure Specifications/MIPS 2017 ACI Transition Measure_Health Information Exchange.pdf
default,ACI_TRANS_PHCDRR_1,https://qpp.cms.gov/docs/aci_specifications/Transition Measure Specifications/MIPS 2017 ACI Transition Measure_Immunization Registry Reporting.pdf
default,ACI_TRANS_MR_1,https://qpp.cms.gov/docs/aci_specifications/Transition Measure Specifications/MIPS 2017 ACI Transition Measure_Medication Reconciliation.pdf
default,ACI_TRANS_PSE_1,https://qpp.cms.gov/docs/aci_specifications/Transition Measure Specifications/MIPS 2017 ACI Transition Measure_Patient-Specific Education.pdf
default,ACI_TRANS_PEA_1,https://qpp.cms.gov/docs/aci_specifications/Transition Measure Specifications/MIPS 2017 ACI Transition Measure_Provide Patient Access.pdf
default,ACI_TRANS_SM_1,https://qpp.cms.gov/docs/aci_specifications/Transition Measure Specifications/MIPS 2017 ACI Transition Measure_Secure Messaging.pdf
default,ACI_TRANS_PPHI_1,https://qpp.cms.gov/docs/aci_specifications/Transition Measure Specifications/MIPS 2017 ACI Transition Measure_Security Risk Analysis.pdf
default,ACI_TRANS_PHCDRR_3,https://qpp.cms.gov/docs/aci_specifications/Transition Measure Specifications/MIPS 2017 ACI Transition Measure_Specialized Registry Reporting.pdf
default,ACI_TRANS_PHCDRR_2,https://qpp.cms.gov/docs/aci_specifications/Transition Measure Specifications/MIPS 2017 ACI Transition Measure_Syndromic Surveillance Reporting.pdf
default,ACI_TRANS_PEA_2,https://qpp.cms.gov/docs/aci_specifications/Transition Measure Specifications/MIPS 2017 ACI Transition Measure_View Download or Transmit (VDT).pdf
electronicHealthRecord,240,https://qpp.cms.gov/docs/ecqm-specs/2017/EC_CMS117v5_NQF0038_Child_Imm_Status/CMS117v5.html
electronicHealthRecord,001,https://qpp.cms.gov/docs/ecqm-specs/2017/EC_CMS122v5_NQF0059_Diab_HbA1c_Ctrl/CMS122v5.html
electronicHealthRecord,163,https://qpp.cms.gov/docs/ecqm-specs/2017/EC_CMS123v5_NQF0056_Diab_Foot/CMS123v5.html
electronicHealthRecord,309,https://qpp.cms.gov/docs/ecqm-specs/2017/EC_CMS124v5_NQF0032_Cervical_Cancer_Screen/CMS124v5.html
electronicHealthRecord,112,https://qpp.cms.gov/docs/ecqm-specs/2017/EC_CMS125v5_NQF2372_Breast_Cancer_Screen/CMS125v5.html
electronicHealthRecord,111,https://qpp.cms.gov/docs/ecqm-specs/2017/EC_CMS127v5_NQF0043_Pneu_Vacc_Status/CMS127v5.html
electronicHealthRecord,009,https://qpp.cms.gov/docs/ecqm-specs/2017/EC_CMS128v5_NQF0105_Antidep_Med_Mgmt/CMS128v5.html
electronicHealthRecord,102,https://qpp.cms.gov/docs/ecqm-specs/2017/EC_CMS129v6_NQF0389_PrCA_OveruseBoneScan/CMS129v6.html
electronicHealthRecord,113,https://qpp.cms.gov/docs/ecqm-specs/2017/EC_CMS130v5_NQF0034_Colorectal_Cancer_Screen/CMS130v5.html
electronicHealthRecord,117,https://qpp.cms.gov/docs/ecqm-specs/2017/EC_CMS131v5_NQF0055_Diab_Eye/CMS131v5.html
electronicHealthRecord,192,https://qpp.cms.gov/docs/ecqm-specs/2017/EC_CMS132v5_NQF0564_CATARACTS_30daycomp/CMS132v5.html
electronicHealthRecord,191,https://qpp.cms.gov/docs/ecqm-specs/2017/EC_CMS133v5_NQF0565_CATARACTS_2040/CMS133v5.html
electronicHealthRecord,119,https://qpp.cms.gov/docs/ecqm-specs/2017/EC_CMS134v5_NQF0062_Diab_Urine/CMS134v5.html
electronicHealthRecord,005,https://qpp.cms.gov/docs/ecqm-specs/2017/EC_CMS135v5_NQF2907_HF_ACEARB/CMS135v5.html
electronicHealthRecord,366,https://qpp.cms.gov/docs/ecqm-specs/2017/EC_CMS136v6_NQF0108_ADHD_FollowUp/CMS136v6.html
electronicHealthRecord,305,https://qpp.cms.gov/docs/ecqm-specs/2017/EC_CMS137v5_NQF0004_Ini_Eng_Alc_Drug_Dep/CMS137v5.html
electronicHealthRecord,226,https://qpp.cms.gov/docs/ecqm-specs/2017/EC_CMS138v5_NQF0028_PREV_Tobacco/CMS138v5.html
electronicHealthRecord,318,https://qpp.cms.gov/docs/ecqm-specs/2017/EC_CMS139v5_NQF0101_Falls_Screening/CMS139v5.html
electronicHealthRecord,019,https://qpp.cms.gov/docs/ecqm-specs/2017/EC_CMS142v5_NQF0089_DR_Communication/CMS142v5.html
electronicHealthRecord,012,https://qpp.cms.gov/docs/ecqm-specs/2017/EC_CMS143v5_NQF0086_POAG_OpticNerve/CMS143v5.html
electronicHealthRecord,008,https://qpp.cms.gov/docs/ecqm-specs/2017/EC_CMS144v5_NQF2908_HF_BB/CMS144v5.html
electronicHealthRecord,007,https://qpp.cms.gov/docs/ecqm-specs/2017/EC_CMS145v5_NQFXXXX_CAD_BB/CMS145v5.html
electronicHealthRecord,066,https://qpp.cms.gov/docs/ecqm-specs/2017/EC_CMS146v5_NQFXXXX_Pharyngitis/CMS146v5.html
electronicHealthRecord,110,https://qpp.cms.gov/docs/ecqm-specs/2017/EC_CMS147v6_NQF0041_PREV_Influenza/CMS147v6.html
electronicHealthRecord,281,https://qpp.cms.gov/docs/ecqm-specs/2017/EC_CMS149v5_NQFXXXX_DEMENTIA_Cognitive/CMS149v5.html
electronicHealthRecord,310,https://qpp.cms.gov/docs/ecqm-specs/2017/EC_CMS153v5_NQF0033_Chlamydia_Screen/CMS153v5.html
electronicHealthRecord,065,https://qpp.cms.gov/docs/ecqm-specs/2017/EC_CMS154v5_NQF0069_URI/CMS154v5.html
electronicHealthRecord,239,https://qpp.cms.gov/docs/ecqm-specs/2017/EC_CMS155v5_NQF0024_Weight_Assess_Counseling/CMS155v5.html
electronicHealthRecord,238,https://qpp.cms.gov/docs/ecqm-specs/2017/EC_CMS156v5_NQF0022_HighRisk_Med_Elderly/CMS156v5.html
electronicHealthRecord,143,https://qpp.cms.gov/docs/ecqm-specs/2017/EC_CMS157v5_NQF0384_ONC_PainQuantified/CMS157v5.html
electronicHealthRecord,369,https://qpp.cms.gov/docs/ecqm-specs/2017/EC_CMS158v5_NQFXXXX_Preg_HBsAg/CMS158v5.html
electronicHealthRecord,370,https://qpp.cms.gov/docs/ecqm-specs/2017/EC_CMS159v5_NQF0710_Dep_Rem_12/CMS159v5.html
electronicHealthRecord,371,https://qpp.cms.gov/docs/ecqm-specs/2017/EC_CMS160v5_NQF0712_Dep_PHQ9/CMS160v5.html
electronicHealthRecord,107,https://qpp.cms.gov/docs/ecqm-specs/2017/EC_CMS161v5_NQF0104_MDD_SuicideRisk/CMS161v5.html
electronicHealthRecord,204,https://qpp.cms.gov/docs/ecqm-specs/2017/EC_CMS164v5_NQF0068_IVD_Aspirin/CMS164v5.html
electronicHealthRecord,236,https://qpp.cms.gov/docs/ecqm-specs/2017/EC_CMS165v5_NQF0018_High_Blood_Pressure/CMS165v5.html
electronicHealthRecord,312,https://qpp.cms.gov/docs/ecqm-specs/2017/EC_CMS166v6_NQF0052_Low_Back_Pain/CMS166v6.html
electronicHealthRecord,018,https://qpp.cms.gov/docs/ecqm-specs/2017/EC_CMS167v5_NQF0088_DR_MacularEdema/CMS167v5.html
electronicHealthRecord,367,https://qpp.cms.gov/docs/ecqm-specs/2017/EC_CMS169v5_NQFXXXX_Bipolar_Dep_Substance_Use/CMS169v5.html
electronicHealthRecord,382,https://qpp.cms.gov/docs/ecqm-specs/2017/EC_CMS177v5_NQF1365_CAMDD_SuicideRisk/CMS177v5.html
electronicHealthRecord,317,https://qpp.cms.gov/docs/ecqm-specs/2017/EC_CMS22v5_NQFXXXX_BP_Screening_and_Follow_Up/CMS22v5.html
electronicHealthRecord,134,https://qpp.cms.gov/docs/ecqm-specs/2017/EC_CMS2v6_NQF0418_Depression_Screening/CMS2v6.html
electronicHealthRecord,374,https://qpp.cms.gov/docs/ecqm-specs/2017/EC_CMS50v5_NQFXXXX_Closing_Referral_Loop/CMS50v5.html
electronicHealthRecord,160,https://qpp.cms.gov/docs/ecqm-specs/2017/EC_CMS52v5_NQF0405_HIVAIDS_PCP_Prophylaxis/CMS52v5.html
electronicHealthRecord,376,https://qpp.cms.gov/docs/ecqm-specs/2017/EC_CMS56v5_NQFXXXX_FSA_Hip_Replacement/CMS56v5.html
electronicHealthRecord,373,https://qpp.cms.gov/docs/ecqm-specs/2017/EC_CMS65v6_NQFXXXX_Hypertension_BP_Improve/CMS65v6.html
electronicHealthRecord,375,https://qpp.cms.gov/docs/ecqm-specs/2017/EC_CMS66v5_NQFXXXX_FSA_Knee_Replacement/CMS66v5.html
electronicHealthRecord,130,https://qpp.cms.gov/docs/ecqm-specs/2017/EC_CMS68v6_NQF0419_Current_Meds_Documented/CMS68v6.html
electronicHealthRecord,128,https://qpp.cms.gov/docs/ecqm-specs/2017/EC_CMS69v5_NQF0421_BMI_and_Follow_Up/CMS69v5.html
electronicHealthRecord,379,https://qpp.cms.gov/docs/ecqm-specs/2017/EC_CMS74v6_NQFXXXX_Primary_Caries_Prevention/CMS74v6.html
electronicHealthRecord,378,https://qpp.cms.gov/docs/ecqm-specs/2017/EC_CMS75v5_NQFXXXX_Children_Dental_Decay/CMS75v5.html
electronicHealthRecord,372,https://qpp.cms.gov/docs/ecqm-specs/2017/EC_CMS82v4_NQFXXXX_Maternal_Dep_Screening/CMS82v4.html
electronicHealthRecord,377,https://qpp.cms.gov/docs/ecqm-specs/2017/EC_CMS90v6_NQFXXXX_FSA_Complex_Chronic_Cond/CMS90v6.html
cmsWebInterface,46,https://qpp.cms.gov/docs/QPP_quality_measure_specifications/Web-Interface-Measures/2017 WI_CARE1.pdf
cmsWebInterface,318,https://qpp.cms.gov/docs/QPP_quality_measure_specifications/Web-Interface-Measures/2017 WI_CARE2.pdf
cmsWebInterface,dmComposite,https://qpp.cms.gov/docs/QPP_quality_measure_specifications/Web-Interface-Measures/2017 WI_DM.pdf
cmsWebInterface,236,https://qpp.cms.gov/docs/QPP_quality_measure_specifications/Web-Interface-Measures/2017 WI_HTN2.pdf
cmsWebInterface,204,https://qpp.cms.gov/docs/QPP_quality_measure_specifications/Web-Interface-Measures/2017 WI_IVD2.pdf
cmsWebInterface,370,https://qpp.cms.gov/docs/QPP_quality_measure_specifications/Web-Interface-Measures/2017 WI_MH1.pdf
cmsWebInterface,112,https://qpp.cms.gov/docs/QPP_quality_measure_specifications/Web-Interface-Measures/2017 WI_PREV5.pdf
cmsWebInterface,113,https://qpp.cms.gov/docs/QPP_quality_measure_specifications/Web-Interface-Measures/2017 WI_PREV6.pdf
cmsWebInterface,110,https://qpp.cms.gov/docs/QPP_quality_measure_specifications/Web-Interface-Measures/2017 WI_PREV7.pdf
cmsWebInterface,111,https://qpp.cms.gov/docs/QPP_quality_measure_specifications/Web-Interface-Measures/2017 WI_PREV8.pdf
cmsWebInterface,128,https://qpp.cms.gov/docs/QPP_quality_measure_specifications/Web-Interface-Measures/2017 WI_PREV9.pdf
cmsWebInterface,226,https://qpp.cms.gov/docs/QPP_quality_measure_specifications/Web-Interface-Measures/2017 WI_PREV10.pdf
cmsWebInterface,134,https://qpp.cms.gov/docs/QPP_quality_measure_specifications/Web-Interface-Measures/2017 WI_PREV12.pdf
cmsWebInterface,438,https://qpp.cms.gov/docs/QPP_quality_measure_specifications/Web-Interface-Measures/2017 WI_PREV13.pdf
claims,001,https://qpp.cms.gov/docs/QPP_quality_measure_specifications/Claims-Registry-Measures/2017_Measure_001_Claims.pdf
claims,012,https://qpp.cms.gov/docs/QPP_quality_measure_specifications/Claims-Registry-Measures/2017_Measure_012_Claims.pdf
claims,014,https://qpp.cms.gov/docs/QPP_quality_measure_specifications/Claims-Registry-Measures/2017_Measure_014_Claims.pdf
claims,019,https://qpp.cms.gov/docs/QPP_quality_measure_specifications/Claims-Registry-Measures/2017_Measure_019_Claims.pdf
claims,021,https://qpp.cms.gov/docs/QPP_quality_measure_specifications/Claims-Registry-Measures/2017_Measure_021_Claims.pdf
claims,023,https://qpp.cms.gov/docs/QPP_quality_measure_specifications/Claims-Registry-Measures/2017_Measure_023_Claims.pdf
claims,024,https://qpp.cms.gov/docs/QPP_quality_measure_specifications/Claims-Registry-Measures/2017_Measure_024_Claims.pdf
claims,032,https://qpp.cms.gov/docs/QPP_quality_measure_specifications/Claims-Registry-Measures/2017_Measure_032_Claims.pdf
claims,039,https://qpp.cms.gov/docs/QPP_quality_measure_specifications/Claims-Registry-Measures/2017_Measure_039_Claims.pdf
claims,046,https://qpp.cms.gov/docs/QPP_quality_measure_specifications/Claims-Registry-Measures/2017_Measure_046_Claims.pdf
claims,047,https://qpp.cms.gov/docs/QPP_quality_measure_specifications/Claims-Registry-Measures/2017_Measure_047_Claims.pdf
claims,048,https://qpp.cms.gov/docs/QPP_quality_measure_specifications/Claims-Registry-Measures/2017_Measure_048_Claims.pdf
claims,050,https://qpp.cms.gov/docs/QPP_quality_measure_specifications/Claims-Registry-Measures/2017_Measure_050_Claims.pdf
claims,051,https://qpp.cms.gov/docs/QPP_quality_measure_specifications/Claims-Registry-Measures/2017_Measure_051_Claims.pdf
claims,052,https://qpp.cms.gov/docs/QPP_quality_measure_specifications/Claims-Registry-Measures/2017_Measure_052_Claims.pdf
claims,076,https://qpp.cms.gov/docs/QPP_quality_measure_specifications/Claims-Registry-Measures/2017_Measure_076_Claims.pdf
claims,091,https://qpp.cms.gov/docs/QPP_quality_measure_specifications/Claims-Registry-Measures/2017_Measure_091_Claims.pdf
claims,093,https://qpp.cms.gov/docs/QPP_quality_measure_specifications/Claims-Registry-Measures/2017_Measure_093_Claims.pdf
claims,099,https://qpp.cms.gov/docs/QPP_quality_measure_specifications/Claims-Registry-Measures/2017_Measure_099_Claims.pdf
claims,100,https://qpp.cms.gov/docs/QPP_quality_measure_specifications/Claims-Registry-Measures/2017_Measure_100_Claims.pdf
claims,109,https://qpp.cms.gov/docs/QPP_quality_measure_specifications/Claims-Registry-Measures/2017_Measure_109_Claims.pdf
claims,110,https://qpp.cms.gov/docs/QPP_quality_measure_specifications/Claims-Registry-Measures/2017_Measure_110_Claims.pdf
claims,111,https://qpp.cms.gov/docs/QPP_quality_measure_specifications/Claims-Registry-Measures/2017_Measure_111_Claims.pdf
claims,112,https://qpp.cms.gov/docs/QPP_quality_measure_specifications/Claims-Registry-Measures/2017_Measure_112_Claims.pdf
claims,113,https://qpp.cms.gov/docs/QPP_quality_measure_specifications/Claims-Registry-Measures/2017_Measure_113_Claims.pdf
claims,117,https://qpp.cms.gov/docs/QPP_quality_measure_specifications/Claims-Registry-Measures/2017_Measure_117_Claims.pdf
claims,128,https://qpp.cms.gov/docs/QPP_quality_measure_specifications/Claims-Registry-Measures/2017_Measure_128_Claims.pdf
claims,130,https://qpp.cms.gov/docs/QPP_quality_measure_specifications/Claims-Registry-Measures/2017_Measure_130_Claims.pdf
claims,131,https://qpp.cms.gov/docs/QPP_quality_measure_specifications/Claims-Registry-Measures/2017_Measure_131_Claims.pdf
claims,134,https://qpp.cms.gov/docs/QPP_quality_measure_specifications/Claims-Registry-Measures/2017_Measure_134_Claims.pdf
claims,140,https://qpp.cms.gov/docs/QPP_quality_measure_specifications/Claims-Registry-Measures/2017_Measure_140_Claims.pdf
claims,141,https://qpp.cms.gov/docs/QPP_quality_measure_specifications/Claims-Registry-Measures/2017_Measure_141_Claims.pdf
claims,145,https://qpp.cms.gov/docs/QPP_quality_measure_specifications/Claims-Registry-Measures/2017_Measure_145_Claims.pdf
claims,146,https://qpp.cms.gov/docs/QPP_quality_measure_specifications/Claims-Registry-Measures/2017_Measure_146_Claims.pdf
claims,147,https://qpp.cms.gov/docs/QPP_quality_measure_specifications/Claims-Registry-Measures/2017_Measure_147_Claims.pdf
claims,154,https://qpp.cms.gov/docs/QPP_quality_measure_specifications/Claims-Registry-Measures/2017_Measure_154_Claims.pdf
claims,155,https://qpp.cms.gov/docs/QPP_quality_measure_specifications/Claims-Registry-Measures/2017_Measure_155_Claims.pdf
claims,156,https://qpp.cms.gov/docs/QPP_quality_measure_specifications/Claims-Registry-Measures/2017_Measure_156_Claims.pdf
claims,181,https://qpp.cms.gov/docs/QPP_quality_measure_specifications/Claims-Registry-Measures/2017_Measure_181_Claims.pdf
claims,182,https://qpp.cms.gov/docs/QPP_quality_measure_specifications/Claims-Registry-Measures/2017_Measure_182_Claims.pdf
claims,185,https://qpp.cms.gov/docs/QPP_quality_measure_specifications/Claims-Registry-Measures/2017_Measure_185_Claims.pdf
claims,195,https://qpp.cms.gov/docs/QPP_quality_measure_specifications/Claims-Registry-Measures/2017_Measure_195_Claims.pdf
claims,204,https://qpp.cms.gov/docs/QPP_quality_measure_specifications/Claims-Registry-Measures/2017_Measure_204_Claims.pdf
claims,225,https://qpp.cms.gov/docs/QPP_quality_measure_specifications/Claims-Registry-Measures/2017_Measure_225_Claims.pdf
claims,226,https://qpp.cms.gov/docs/QPP_quality_measure_specifications/Claims-Registry-Measures/2017_Measure_226_Claims.pdf
claims,236,https://qpp.cms.gov/docs/QPP_quality_measure_specifications/Claims-Registry-Measures/2017_Measure_236_Claims.pdf
claims,249,https://qpp.cms.gov/docs/QPP_quality_measure_specifications/Claims-Registry-Measures/2017_Measure_249_Claims.pdf
claims,250,https://qpp.cms.gov/docs/QPP_quality_measure_specifications/Claims-Registry-Measures/2017_Measure_250_Claims.pdf
claims,251,https://qpp.cms.gov/docs/QPP_quality_measure_specifications/Claims-Registry-Measures/2017_Measure_251_Claims.pdf
claims,254,https://qpp.cms.gov/docs/QPP_quality_measure_specifications/Claims-Registry-Measures/2017_Measure_254_Claims.pdf
claims,255,https://qpp.cms.gov/docs/QPP_quality_measure_specifications/Claims-Registry-Measures/2017_Measure_255_Claims.pdf
claims,261,https://qpp.cms.gov/docs/QPP_quality_measure_specifications/Claims-Registry-Measures/2017_Measure_261_Claims.pdf
claims,268,https://qpp.cms.gov/docs/QPP_quality_measure_specifications/Claims-Registry-Measures/2017_Measure_268_Claims.pdf
claims,317,https://qpp.cms.gov/docs/QPP_quality_measure_specifications/Claims-Registry-Measures/2017_Measure_317_Claims.pdf
claims,320,https://qpp.cms.gov/docs/QPP_quality_measure_specifications/Claims-Registry-Measures/2017_Measure_320_Claims.pdf
claims,326,https://qpp.cms.gov/docs/QPP_quality_measure_specifications/Claims-Registry-Measures/2017_Measure_326_Claims.pdf
claims,395,https://qpp.cms.gov/docs/QPP_quality_measure_specifications/Claims-Registry-Measures/2017_Measure_395_Claims.pdf
claims,396,https://qpp.cms.gov/docs/QPP_quality_measure_specifications/Claims-Registry-Measures/2017_Measure_396_Claims.pdf
claims,397,https://qpp.cms.gov/docs/QPP_quality_measure_specifications/Claims-Registry-Measures/2017_Measure_397_Claims.pdf
claims,405,https://qpp.cms.gov/docs/QPP_quality_measure_specifications/Claims-Registry-Measures/2017_Measure_405_Claims.pdf
claims,406,https://qpp.cms.gov/docs/QPP_quality_measure_specifications/Claims-Registry-Measures/2017_Measure_406_Claims.pdf
claims,407,https://qpp.cms.gov/docs/QPP_quality_measure_specifications/Claims-Registry-Measures/2017_Measure_407_Claims.pdf
claims,410,https://qpp.cms.gov/docs/QPP_quality_measure_specifications/Claims-Registry-Measures/2017_Measure_410_Claims.pdf
claims,415,https://qpp.cms.gov/docs/QPP_quality_measure_specifications/Claims-Registry-Measures/2017_Measure_415_Claims.pdf
claims,416,https://qpp.cms.gov/docs/QPP_quality_measure_specifications/Claims-Registry-Measures/2017_Measure_416_Claims.pdf
claims,418,https://qpp.cms.gov/docs/QPP_quality_measure_specifications/Claims-Registry-Measures/2017_Measure_418_Claims.pdf
claims,419,https://qpp.cms.gov/docs/QPP_quality_measure_specifications/Claims-Registry-Measures/2017_Measure_419_Claims.pdf
claims,422,https://qpp.cms.gov/docs/QPP_quality_measure_specifications/Claims-Registry-Measures/2017_Measure_422_Claims.pdf
claims,423,https://qpp.cms.gov/docs/QPP_quality_measure_specifications/Claims-Registry-Measures/2017_Measure_423_Claims.pdf
claims,425,https://qpp.cms.gov/docs/QPP_quality_measure_specifications/Claims-Registry-Measures/2017_Measure_425_Claims.pdf
claims,429,https://qpp.cms.gov/docs/QPP_quality_measure_specifications/Claims-Registry-Measures/2017_Measure_429_Claims.pdf
claims,435,https://qpp.cms.gov/docs/QPP_quality_measure_specifications/Claims-Registry-Measures/2017_Measure_435_Claims.pdf
claims,436,https://qpp.cms.gov/docs/QPP_quality_measure_specifications/Claims-Registry-Measures/2017_Measure_436_Claims.pdf
claims,437,https://qpp.cms.gov/docs/QPP_quality_measure_specifications/Claims-Registry-Measures/2017_Measure_437_Claims.pdf
registry,001,https://qpp.cms.gov/docs/QPP_quality_measure_specifications/Claims-Registry-Measures/2017_Measure_001_Registry.pdf
registry,005,https://qpp.cms.gov/docs/QPP_quality_measure_specifications/Claims-Registry-Measures/2017_Measure_005_Registry.pdf
registry,006,https://qpp.cms.gov/docs/QPP_quality_measure_specifications/Claims-Registry-Measures/2017_Measure_006_Registry.pdf
registry,007,https://qpp.cms.gov/docs/QPP_quality_measure_specifications/Claims-Registry-Measures/2017_Measure_007_Registry.pdf
registry,008,https://qpp.cms.gov/docs/QPP_quality_measure_specifications/Claims-Registry-Measures/2017_Measure_008_Registry.pdf
registry,012,https://qpp.cms.gov/docs/QPP_quality_measure_specifications/Claims-Registry-Measures/2017_Measure_012_Registry.pdf
registry,014,https://qpp.cms.gov/docs/QPP_quality_measure_specifications/Claims-Registry-Measures/2017_Measure_014_Registry.pdf
registry,019,https://qpp.cms.gov/docs/QPP_quality_measure_specifications/Claims-Registry-Measures/2017_Measure_019_Registry.pdf
registry,021,https://qpp.cms.gov/docs/QPP_quality_measure_specifications/Claims-Registry-Measures/2017_Measure_021_Registry.pdf
registry,023,https://qpp.cms.gov/docs/QPP_quality_measure_specifications/Claims-Registry-Measures/2017_Measure_023_Registry.pdf
registry,024,https://qpp.cms.gov/docs/QPP_quality_measure_specifications/Claims-Registry-Measures/2017_Measure_024_Registry.pdf
registry,032,https://qpp.cms.gov/docs/QPP_quality_measure_specifications/Claims-Registry-Measures/2017_Measure_032_Registry.pdf
registry,039,https://qpp.cms.gov/docs/QPP_quality_measure_specifications/Claims-Registry-Measures/2017_Measure_039_Registry.pdf
registry,043,https://qpp.cms.gov/docs/QPP_quality_measure_specifications/Claims-Registry-Measures/2017_Measure_043_Registry.pdf
registry,044,https://qpp.cms.gov/docs/QPP_quality_measure_specifications/Claims-Registry-Measures/2017_Measure_044_Registry.pdf
registry,046,https://qpp.cms.gov/docs/QPP_quality_measure_specifications/Claims-Registry-Measures/2017_Measure_046_Registry.pdf
registry,047,https://qpp.cms.gov/docs/QPP_quality_measure_specifications/Claims-Registry-Measures/2017_Measure_047_Registry.pdf
registry,048,https://qpp.cms.gov/docs/QPP_quality_measure_specifications/Claims-Registry-Measures/2017_Measure_048_Registry.pdf
registry,050,https://qpp.cms.gov/docs/QPP_quality_measure_specifications/Claims-Registry-Measures/2017_Measure_050_Registry.pdf
registry,051,https://qpp.cms.gov/docs/QPP_quality_measure_specifications/Claims-Registry-Measures/2017_Measure_051_Registry.pdf
registry,052,https://qpp.cms.gov/docs/QPP_quality_measure_specifications/Claims-Registry-Measures/2017_Measure_052_Registry.pdf
registry,065,https://qpp.cms.gov/docs/QPP_quality_measure_specifications/Claims-Registry-Measures/2017_Measure_065_Registry.pdf
registry,066,https://qpp.cms.gov/docs/QPP_quality_measure_specifications/Claims-Registry-Measures/2017_Measure_066_Registry.pdf
registry,067,https://qpp.cms.gov/docs/QPP_quality_measure_specifications/Claims-Registry-Measures/2017_Measure_067_Registry.pdf
registry,068,https://qpp.cms.gov/docs/QPP_quality_measure_specifications/Claims-Registry-Measures/2017_Measure_068_Registry.pdf
registry,069,https://qpp.cms.gov/docs/QPP_quality_measure_specifications/Claims-Registry-Measures/2017_Measure_069_Registry.pdf
registry,070,https://qpp.cms.gov/docs/QPP_quality_measure_specifications/Claims-Registry-Measures/2017_Measure_070_Registry.pdf
registry,076,https://qpp.cms.gov/docs/QPP_quality_measure_specifications/Claims-Registry-Measures/2017_Measure_076_Registry.pdf
registry,091,https://qpp.cms.gov/docs/QPP_quality_measure_specifications/Claims-Registry-Measures/2017_Measure_091_Registry.pdf
registry,093,https://qpp.cms.gov/docs/QPP_quality_measure_specifications/Claims-Registry-Measures/2017_Measure_093_Registry.pdf
registry,099,https://qpp.cms.gov/docs/QPP_quality_measure_specifications/Claims-Registry-Measures/2017_Measure_099_Registry.pdf
registry,100,https://qpp.cms.gov/docs/QPP_quality_measure_specifications/Claims-Registry-Measures/2017_Measure_100_Registry.pdf
registry,102,https://qpp.cms.gov/docs/QPP_quality_measure_specifications/Claims-Registry-Measures/2017_Measure_102_Registry.pdf
registry,104,https://qpp.cms.gov/docs/QPP_quality_measure_specifications/Claims-Registry-Measures/2017_Measure_104_Registry.pdf
registry,109,https://qpp.cms.gov/docs/QPP_quality_measure_specifications/Claims-Registry-Measures/2017_Measure_109_Registry.pdf
registry,110,https://qpp.cms.gov/docs/QPP_quality_measure_specifications/Claims-Registry-Measures/2017_Measure_110_Registry.pdf
registry,111,https://qpp.cms.gov/docs/QPP_quality_measure_specifications/Claims-Registry-Measures/2017_Measure_111_Registry.pdf
registry,112,https://qpp.cms.gov/docs/QPP_quality_measure_specifications/Claims-Registry-Measures/2017_Measure_112_Registry.pdf
registry,113,https://qpp.cms.gov/docs/QPP_quality_measure_specifications/Claims-Registry-Measures/2017_Measure_113_Registry.pdf
registry,116,https://qpp.cms.gov/docs/QPP_quality_measure_specifications/Claims-Registry-Measures/2017_Measure_116_Registry.pdf
registry,117,https://qpp.cms.gov/docs/QPP_quality_measure_specifications/Claims-Registry-Measures/2017_Measure_117_Registry.pdf
registry,118,https://qpp.cms.gov/docs/QPP_quality_measure_specifications/Claims-Registry-Measures/2017_Measure_118_Registry.pdf
registry,119,https://qpp.cms.gov/docs/QPP_quality_measure_specifications/Claims-Registry-Measures/2017_Measure_119_Registry.pdf
registry,122,https://qpp.cms.gov/docs/QPP_quality_measure_specifications/Claims-Registry-Measures/2017_Measure_122_Registry.pdf
registry,126,https://qpp.cms.gov/docs/QPP_quality_measure_specifications/Claims-Registry-Measures/2017_Measure_126_Registry.pdf
registry,127,https://qpp.cms.gov/docs/QPP_quality_measure_specifications/Claims-Registry-Measures/2017_Measure_127_Registry.pdf
registry,128,https://qpp.cms.gov/docs/QPP_quality_measure_specifications/Claims-Registry-Measures/2017_Measure_128_Registry.pdf
registry,130,https://qpp.cms.gov/docs/QPP_quality_measure_specifications/Claims-Registry-Measures/2017_Measure_130_Registry.pdf
registry,131,https://qpp.cms.gov/docs/QPP_quality_measure_specifications/Claims-Registry-Measures/2017_Measure_131_Registry.pdf
registry,134,https://qpp.cms.gov/docs/QPP_quality_measure_specifications/Claims-Registry-Measures/2017_Measure_134_Registry.pdf
registry,137,https://qpp.cms.gov/docs/QPP_quality_measure_specifications/Claims-Registry-Measures/2017_Measure_137_Registry.pdf
registry,138,https://qpp.cms.gov/docs/QPP_quality_measure_specifications/Claims-Registry-Measures/2017_Measure_138_Registry.pdf
registry,140,https://qpp.cms.gov/docs/QPP_quality_measure_specifications/Claims-Registry-Measures/2017_Measure_140_Registry.pdf
registry,141,https://qpp.cms.gov/docs/QPP_quality_measure_specifications/Claims-Registry-Measures/2017_Measure_141_Registry.pdf
registry,143,https://qpp.cms.gov/docs/QPP_quality_measure_specifications/Claims-Registry-Measures/2017_Measure_143_Registry.pdf
registry,144,https://qpp.cms.gov/docs/QPP_quality_measure_specifications/Claims-Registry-Measures/2017_Measure_144_Registry.pdf
registry,145,https://qpp.cms.gov/docs/QPP_quality_measure_specifications/Claims-Registry-Measures/2017_Measure_145_Registry.pdf
registry,146,https://qpp.cms.gov/docs/QPP_quality_measure_specifications/Claims-Registry-Measures/2017_Measure_146_Registry.pdf
registry,147,https://qpp.cms.gov/docs/QPP_quality_measure_specifications/Claims-Registry-Measures/2017_Measure_147_Registry.pdf
registry,154,https://qpp.cms.gov/docs/QPP_quality_measure_specifications/Claims-Registry-Measures/2017_Measure_154_Registry.pdf
registry,155,https://qpp.cms.gov/docs/QPP_quality_measure_specifications/Claims-Registry-Measures/2017_Measure_155_Registry.pdf
registry,156,https://qpp.cms.gov/docs/QPP_quality_measure_specifications/Claims-Registry-Measures/2017_Measure_156_Registry.pdf
registry,164,https://qpp.cms.gov/docs/QPP_quality_measure_specifications/Claims-Registry-Measures/2017_Measure_164_Registry.pdf
registry,165,https://qpp.cms.gov/docs/QPP_quality_measure_specifications/Claims-Registry-Measures/2017_Measure_165_Registry.pdf
registry,166,https://qpp.cms.gov/docs/QPP_quality_measure_specifications/Claims-Registry-Measures/2017_Measure_166_Registry.pdf
registry,167,https://qpp.cms.gov/docs/QPP_quality_measure_specifications/Claims-Registry-Measures/2017_Measure_167_Registry.pdf
registry,168,https://qpp.cms.gov/docs/QPP_quality_measure_specifications/Claims-Registry-Measures/2017_Measure_168_Registry.pdf
registry,176,https://qpp.cms.gov/docs/QPP_quality_measure_specifications/Claims-Registry-Measures/2017_Measure_176_Registry.pdf
registry,177,https://qpp.cms.gov/docs/QPP_quality_measure_specifications/Claims-Registry-Measures/2017_Measure_177_Registry.pdf
registry,178,https://qpp.cms.gov/docs/QPP_quality_measure_specifications/Claims-Registry-Measures/2017_Measure_178_Registry.pdf
registry,179,https://qpp.cms.gov/docs/QPP_quality_measure_specifications/Claims-Registry-Measures/2017_Measure_179_Registry.pdf
registry,180,https://qpp.cms.gov/docs/QPP_quality_measure_specifications/Claims-Registry-Measures/2017_Measure_180_Registry.pdf
registry,181,https://qpp.cms.gov/docs/QPP_quality_measure_specifications/Claims-Registry-Measures/2017_Measure_181_Registry.pdf
registry,182,https://qpp.cms.gov/docs/QPP_quality_measure_specifications/Claims-Registry-Measures/2017_Measure_182_Registry.pdf
registry,185,https://qpp.cms.gov/docs/QPP_quality_measure_specifications/Claims-Registry-Measures/2017_Measure_185_Registry.pdf
registry,187,https://qpp.cms.gov/docs/QPP_quality_measure_specifications/Claims-Registry-Measures/2017_Measure_187_Registry.pdf
registry,191,https://qpp.cms.gov/docs/QPP_quality_measure_specifications/Claims-Registry-Measures/2017_Measure_191_Registry.pdf
registry,192,https://qpp.cms.gov/docs/QPP_quality_measure_specifications/Claims-Registry-Measures/2017_Measure_192_Registry.pdf
registry,195,https://qpp.cms.gov/docs/QPP_quality_measure_specifications/Claims-Registry-Measures/2017_Measure_195_Registry.pdf
registry,204,https://qpp.cms.gov/docs/QPP_quality_measure_specifications/Claims-Registry-Measures/2017_Measure_204_Registry.pdf
registry,205,https://qpp.cms.gov/docs/QPP_quality_measure_specifications/Claims-Registry-Measures/2017_Measure_205_Registry.pdf
registry,217,https://qpp.cms.gov/docs/QPP_quality_measure_specifications/Claims-Registry-Measures/2017_Measure_217_Registry.pdf
registry,218,https://qpp.cms.gov/docs/QPP_quality_measure_specifications/Claims-Registry-Measures/2017_Measure_218_Registry.pdf
registry,219,https://qpp.cms.gov/docs/QPP_quality_measure_specifications/Claims-Registry-Measures/2017_Measure_219_Registry.pdf
registry,220,https://qpp.cms.gov/docs/QPP_quality_measure_specifications/Claims-Registry-Measures/2017_Measure_220_Registry.pdf
registry,221,https://qpp.cms.gov/docs/QPP_quality_measure_specifications/Claims-Registry-Measures/2017_Measure_221_Registry.pdf
registry,222,https://qpp.cms.gov/docs/QPP_quality_measure_specifications/Claims-Registry-Measures/2017_Measure_222_Registry.pdf
registry,223,https://qpp.cms.gov/docs/QPP_quality_measure_specifications/Claims-Registry-Measures/2017_Measure_223_Registry.pdf
registry,224,https://qpp.cms.gov/docs/QPP_quality_measure_specifications/Claims-Registry-Measures/2017_Measure_224_Registry.pdf
registry,225,https://qpp.cms.gov/docs/QPP_quality_measure_specifications/Claims-Registry-Measures/2017_Measure_225_Registry.pdf
registry,226,https://qpp.cms.gov/docs/QPP_quality_measure_specifications/Claims-Registry-Measures/2017_Measure_226_Registry.pdf
registry,236,https://qpp.cms.gov/docs/QPP_quality_measure_specifications/Claims-Registry-Measures/2017_Measure_236_Registry.pdf
registry,238,https://qpp.cms.gov/docs/QPP_quality_measure_specifications/Claims-Registry-Measures/2017_Measure_238_Registry.pdf
registry,243,https://qpp.cms.gov/docs/QPP_quality_measure_specifications/Claims-Registry-Measures/2017_Measure_243_Registry.pdf
registry,249,https://qpp.cms.gov/docs/QPP_quality_measure_specifications/Claims-Registry-Measures/2017_Measure_249_Registry.pdf
registry,250,https://qpp.cms.gov/docs/QPP_quality_measure_specifications/Claims-Registry-Measures/2017_Measure_250_Registry.pdf
registry,251,https://qpp.cms.gov/docs/QPP_quality_measure_specifications/Claims-Registry-Measures/2017_Measure_251_Registry.pdf
registry,254,https://qpp.cms.gov/docs/QPP_quality_measure_specifications/Claims-Registry-Measures/2017_Measure_254_Registry.pdf
registry,255,https://qpp.cms.gov/docs/QPP_quality_measure_specifications/Claims-Registry-Measures/2017_Measure_255_Registry.pdf
registry,257,https://qpp.cms.gov/docs/QPP_quality_measure_specifications/Claims-Registry-Measures/2017_Measure_257_Registry.pdf
registry,258,https://qpp.cms.gov/docs/QPP_quality_measure_specifications/Claims-Registry-Measures/2017_Measure_258_Registry.pdf
registry,259,https://qpp.cms.gov/docs/QPP_quality_measure_specifications/Claims-Registry-Measures/2017_Measure_259_Registry.pdf
registry,260,https://qpp.cms.gov/docs/QPP_quality_measure_specifications/Claims-Registry-Measures/2017_Measure_260_Registry.pdf
registry,261,https://qpp.cms.gov/docs/QPP_quality_measure_specifications/Claims-Registry-Measures/2017_Measure_261_Registry.pdf
registry,262,https://qpp.cms.gov/docs/QPP_quality_measure_specifications/Claims-Registry-Measures/2017_Measure_262_Registry.pdf
registry,263,https://qpp.cms.gov/docs/QPP_quality_measure_specifications/Claims-Registry-Measures/2017_Measure_263_Registry.pdf
registry,264,https://qpp.cms.gov/docs/QPP_quality_measure_specifications/Claims-Registry-Measures/2017_Measure_264_Registry.pdf
registry,265,https://qpp.cms.gov/docs/QPP_quality_measure_specifications/Claims-Registry-Measures/2017_Measure_265_Registry.pdf
registry,268,https://qpp.cms.gov/docs/QPP_quality_measure_specifications/Claims-Registry-Measures/2017_Measure_268_Registry.pdf
registry,271,https://qpp.cms.gov/docs/QPP_quality_measure_specifications/Claims-Registry-Measures/2017_Measure_271_Registry.pdf
registry,275,https://qpp.cms.gov/docs/QPP_quality_measure_specifications/Claims-Registry-Measures/2017_Measure_275_Registry.pdf
registry,276,https://qpp.cms.gov/docs/QPP_quality_measure_specifications/Claims-Registry-Measures/2017_Measure_276_Registry.pdf
registry,277,https://qpp.cms.gov/docs/QPP_quality_measure_specifications/Claims-Registry-Measures/2017_Measure_277_Registry.pdf
registry,278,https://qpp.cms.gov/docs/QPP_quality_measure_specifications/Claims-Registry-Measures/2017_Measure_278_Registry.pdf
registry,279,https://qpp.cms.gov/docs/QPP_quality_measure_specifications/Claims-Registry-Measures/2017_Measure_279_Registry.pdf
registry,282,https://qpp.cms.gov/docs/QPP_quality_measure_specifications/Claims-Registry-Measures/2017_Measure_282_Registry.pdf
registry,283,https://qpp.cms.gov/docs/QPP_quality_measure_specifications/Claims-Registry-Measures/2017_Measure_283_Registry.pdf
registry,284,https://qpp.cms.gov/docs/QPP_quality_measure_specifications/Claims-Registry-Measures/2017_Measure_284_Registry.pdf
registry,286,https://qpp.cms.gov/docs/QPP_quality_measure_specifications/Claims-Registry-Measures/2017_Measure_286_Registry.pdf
registry,288,https://qpp.cms.gov/docs/QPP_quality_measure_specifications/Claims-Registry-Measures/2017_Measure_288_Registry.pdf
registry,290,https://qpp.cms.gov/docs/QPP_quality_measure_specifications/Claims-Registry-Measures/2017_Measure_290_Registry.pdf
registry,291,https://qpp.cms.gov/docs/QPP_quality_measure_specifications/Claims-Registry-Measures/2017_Measure_291_Registry.pdf
registry,293,https://qpp.cms.gov/docs/QPP_quality_measure_specifications/Claims-Registry-Measures/2017_Measure_293_Registry.pdf
registry,294,https://qpp.cms.gov/docs/QPP_quality_measure_specifications/Claims-Registry-Measures/2017_Measure_294_Registry.pdf
registry,303,https://qpp.cms.gov/docs/QPP_quality_measure_specifications/Claims-Registry-Measures/2017_Measure_303_Registry.pdf
registry,304,https://qpp.cms.gov/docs/QPP_quality_measure_specifications/Claims-Registry-Measures/2017_Measure_304_Registry.pdf
registry,317,https://qpp.cms.gov/docs/QPP_quality_measure_specifications/Claims-Registry-Measures/2017_Measure_317_Registry.pdf
registry,320,https://qpp.cms.gov/docs/QPP_quality_measure_specifications/Claims-Registry-Measures/2017_Measure_320_Registry.pdf
registry,322,https://qpp.cms.gov/docs/QPP_quality_measure_specifications/Claims-Registry-Measures/2017_Measure_322_Registry.pdf
registry,323,https://qpp.cms.gov/docs/QPP_quality_measure_specifications/Claims-Registry-Measures/2017_Measure_323_Registry.pdf
registry,324,https://qpp.cms.gov/docs/QPP_quality_measure_specifications/Claims-Registry-Measures/2017_Measure_324_Registry.pdf
registry,325,https://qpp.cms.gov/docs/QPP_quality_measure_specifications/Claims-Registry-Measures/2017_Measure_325_Registry.pdf
registry,326,https://qpp.cms.gov/docs/QPP_quality_measure_specifications/Claims-Registry-Measures/2017_Measure_326_Registry.pdf
registry,327,https://qpp.cms.gov/docs/QPP_quality_measure_specifications/Claims-Registry-Measures/2017_Measure_327_Registry.pdf
registry,328,https://qpp.cms.gov/docs/QPP_quality_measure_specifications/Claims-Registry-Measures/2017_Measure_328_Registry.pdf
registry,329,https://qpp.cms.gov/docs/QPP_quality_measure_specifications/Claims-Registry-Measures/2017_Measure_329_Registry.pdf
registry,330,https://qpp.cms.gov/docs/QPP_quality_measure_specifications/Claims-Registry-Measures/2017_Measure_330_Registry.pdf
registry,331,https://qpp.cms.gov/docs/QPP_quality_measure_specifications/Claims-Registry-Measures/2017_Measure_331_Registry.pdf
registry,332,https://qpp.cms.gov/docs/QPP_quality_measure_specifications/Claims-Registry-Measures/2017_Measure_332_Registry.pdf
registry,333,https://qpp.cms.gov/docs/QPP_quality_measure_specifications/Claims-Registry-Measures/2017_Measure_333_Registry.pdf
registry,334,https://qpp.cms.gov/docs/QPP_quality_measure_specifications/Claims-Registry-Measures/2017_Measure_334_Registry.pdf
registry,335,https://qpp.cms.gov/docs/QPP_quality_measure_specifications/Claims-Registry-Measures/2017_Measure_335_Registry.pdf
registry,336,https://qpp.cms.gov/docs/QPP_quality_measure_specifications/Claims-Registry-Measures/2017_Measure_336_Registry.pdf
registry,337,https://qpp.cms.gov/docs/QPP_quality_measure_specifications/Claims-Registry-Measures/2017_Measure_337_Registry.pdf
registry,338,https://qpp.cms.gov/docs/QPP_quality_measure_specifications/Claims-Registry-Measures/2017_Measure_338_Registry.pdf
registry,340,https://qpp.cms.gov/docs/QPP_quality_measure_specifications/Claims-Registry-Measures/2017_Measure_340_Registry.pdf
registry,342,https://qpp.cms.gov/docs/QPP_quality_measure_specifications/Claims-Registry-Measures/2017_Measure_342_Registry.pdf
registry,343,https://qpp.cms.gov/docs/QPP_quality_measure_specifications/Claims-Registry-Measures/2017_Measure_343_Registry.pdf
registry,344,https://qpp.cms.gov/docs/QPP_quality_measure_specifications/Claims-Registry-Measures/2017_Measure_344_Registry.pdf
registry,345,https://qpp.cms.gov/docs/QPP_quality_measure_specifications/Claims-Registry-Measures/2017_Measure_345_Registry.pdf
registry,346,https://qpp.cms.gov/docs/QPP_quality_measure_specifications/Claims-Registry-Measures/2017_Measure_346_Registry.pdf
registry,347,https://qpp.cms.gov/docs/QPP_quality_measure_specifications/Claims-Registry-Measures/2017_Measure_347_Registry.pdf
registry,348,https://qpp.cms.gov/docs/QPP_quality_measure_specifications/Claims-Registry-Measures/2017_Measure_348_Registry.pdf
registry,350,https://qpp.cms.gov/docs/QPP_quality_measure_specifications/Claims-Registry-Measures/2017_Measure_350_Registry.pdf
registry,351,https://qpp.cms.gov/docs/QPP_quality_measure_specifications/Claims-Registry-Measures/2017_Measure_351_Registry.pdf
registry,352,https://qpp.cms.gov/docs/QPP_quality_measure_specifications/Claims-Registry-Measures/2017_Measure_352_Registry.pdf
registry,353,https://qpp.cms.gov/docs/QPP_quality_measure_specifications/Claims-Registry-Measures/2017_Measure_353_Registry.pdf
registry,354,https://qpp.cms.gov/docs/QPP_quality_measure_specifications/Claims-Registry-Measures/2017_Measure_354_Registry.pdf
registry,355,https://qpp.cms.gov/docs/QPP_quality_measure_specifications/Claims-Registry-Measures/2017_Measure_355_Registry.pdf
registry,356,https://qpp.cms.gov/docs/QPP_quality_measure_specifications/Claims-Registry-Measures/2017_Measure_356_Registry.pdf
registry,357,https://qpp.cms.gov/docs/QPP_quality_measure_specifications/Claims-Registry-Measures/2017_Measure_357_Registry.pdf
registry,358,https://qpp.cms.gov/docs/QPP_quality_measure_specifications/Claims-Registry-Measures/2017_Measure_358_Registry.pdf
registry,359,https://qpp.cms.gov/docs/QPP_quality_measure_specifications/Claims-Registry-Measures/2017_Measure_359_Registry.pdf
registry,360,https://qpp.cms.gov/docs/QPP_quality_measure_specifications/Claims-Registry-Measures/2017_Measure_360_Registry.pdf
registry,361,https://qpp.cms.gov/docs/QPP_quality_measure_specifications/Claims-Registry-Measures/2017_Measure_361_Registry.pdf
registry,362,https://qpp.cms.gov/docs/QPP_quality_measure_specifications/Claims-Registry-Measures/2017_Measure_362_Registry.pdf
registry,363,https://qpp.cms.gov/docs/QPP_quality_measure_specifications/Claims-Registry-Measures/2017_Measure_363_Registry.pdf
registry,364,https://qpp.cms.gov/docs/QPP_quality_measure_specifications/Claims-Registry-Measures/2017_Measure_364_Registry.pdf
registry,370,https://qpp.cms.gov/docs/QPP_quality_measure_specifications/Claims-Registry-Measures/2017_Measure_370_Registry.pdf
registry,383,https://qpp.cms.gov/docs/QPP_quality_measure_specifications/Claims-Registry-Measures/2017_Measure_383_Registry.pdf
registry,384,https://qpp.cms.gov/docs/QPP_quality_measure_specifications/Claims-Registry-Measures/2017_Measure_384_Registry.pdf
registry,385,https://qpp.cms.gov/docs/QPP_quality_measure_specifications/Claims-Registry-Measures/2017_Measure_385_Registry.pdf
registry,386,https://qpp.cms.gov/docs/QPP_quality_measure_specifications/Claims-Registry-Measures/2017_Measure_386_Registry.pdf
registry,387,https://qpp.cms.gov/docs/QPP_quality_measure_specifications/Claims-Registry-Measures/2017_Measure_387_Registry.pdf
registry,388,https://qpp.cms.gov/docs/QPP_quality_measure_specifications/Claims-Registry-Measures/2017_Measure_388_Registry.pdf
registry,389,https://qpp.cms.gov/docs/QPP_quality_measure_specifications/Claims-Registry-Measures/2017_Measure_389_Registry.pdf
registry,390,https://qpp.cms.gov/docs/QPP_quality_measure_specifications/Claims-Registry-Measures/2017_Measure_390_Registry.pdf
registry,391,https://qpp.cms.gov/docs/QPP_quality_measure_specifications/Claims-Registry-Measures/2017_Measure_391_Registry.pdf
registry,392,https://qpp.cms.gov/docs/QPP_quality_measure_specifications/Claims-Registry-Measures/2017_Measure_392_Registry.pdf
registry,393,https://qpp.cms.gov/docs/QPP_quality_measure_specifications/Claims-Registry-Measures/2017_Measure_393_Registry.pdf
registry,394,https://qpp.cms.gov/docs/QPP_quality_measure_specifications/Claims-Registry-Measures/2017_Measure_394_Registry.pdf
registry,395,https://qpp.cms.gov/docs/QPP_quality_measure_specifications/Claims-Registry-Measures/2017_Measure_395_Registry.pdf
registry,396,https://qpp.cms.gov/docs/QPP_quality_measure_specifications/Claims-Registry-Measures/2017_Measure_396_Registry.pdf
registry,397,https://qpp.cms.gov/docs/QPP_quality_measure_specifications/Claims-Registry-Measures/2017_Measure_397_Registry.pdf
registry,398,https://qpp.cms.gov/docs/QPP_quality_measure_specifications/Claims-Registry-Measures/2017_Measure_398_Registry.pdf
registry,400,https://qpp.cms.gov/docs/QPP_quality_measure_specifications/Claims-Registry-Measures/2017_Measure_400_Registry.pdf
registry,401,https://qpp.cms.gov/docs/QPP_quality_measure_specifications/Claims-Registry-Measures/2017_Measure_401_Registry.pdf
registry,402,https://qpp.cms.gov/docs/QPP_quality_measure_specifications/Claims-Registry-Measures/2017_Measure_402_Registry.pdf
registry,403,https://qpp.cms.gov/docs/QPP_quality_measure_specifications/Claims-Registry-Measures/2017_Measure_403_Registry.pdf
registry,404,https://qpp.cms.gov/docs/QPP_quality_measure_specifications/Claims-Registry-Measures/2017_Measure_404_Registry.pdf
registry,405,https://qpp.cms.gov/docs/QPP_quality_measure_specifications/Claims-Registry-Measures/2017_Measure_405_Registry.pdf
registry,406,https://qpp.cms.gov/docs/QPP_quality_measure_specifications/Claims-Registry-Measures/2017_Measure_406_Registry.pdf
registry,407,https://qpp.cms.gov/docs/QPP_quality_measure_specifications/Claims-Registry-Measures/2017_Measure_407_Registry.pdf
registry,408,https://qpp.cms.gov/docs/QPP_quality_measure_specifications/Claims-Registry-Measures/2017_Measure_408_Registry.pdf
registry,409,https://qpp.cms.gov/docs/QPP_quality_measure_specifications/Claims-Registry-Measures/2017_Measure_409_Registry.pdf
registry,410,https://qpp.cms.gov/docs/QPP_quality_measure_specifications/Claims-Registry-Measures/2017_Measure_410_Registry.pdf
registry,411,https://qpp.cms.gov/docs/QPP_quality_measure_specifications/Claims-Registry-Measures/2017_Measure_411_Registry.pdf
registry,412,https://qpp.cms.gov/docs/QPP_quality_measure_specifications/Claims-Registry-Measures/2017_Measure_412_Registry.pdf
registry,413,https://qpp.cms.gov/docs/QPP_quality_measure_specifications/Claims-Registry-Measures/2017_Measure_413_Registry.pdf
registry,414,https://qpp.cms.gov/docs/QPP_quality_measure_specifications/Claims-Registry-Measures/2017_Measure_414_Registry.pdf
registry,415,https://qpp.cms.gov/docs/QPP_quality_measure_specifications/Claims-Registry-Measures/2017_Measure_415_Registry.pdf
registry,416,https://qpp.cms.gov/docs/QPP_quality_measure_specifications/Claims-Registry-Measures/2017_Measure_416_Registry.pdf
registry,417,https://qpp.cms.gov/docs/QPP_quality_measure_specifications/Claims-Registry-Measures/2017_Measure_417_Registry.pdf
registry,418,https://qpp.cms.gov/docs/QPP_quality_measure_specifications/Claims-Registry-Measures/2017_Measure_418_Registry.pdf
registry,419,https://qpp.cms.gov/docs/QPP_quality_measure_specifications/Claims-Registry-Measures/2017_Measure_419_Registry.pdf
registry,420,https://qpp.cms.gov/docs/QPP_quality_measure_specifications/Claims-Registry-Measures/2017_Measure_420_Registry.pdf
registry,421,https://qpp.cms.gov/docs/QPP_quality_measure_specifications/Claims-Registry-Measures/2017_Measure_421_Registry.pdf
registry,422,https://qpp.cms.gov/docs/QPP_quality_measure_specifications/Claims-Registry-Measures/2017_Measure_422_Registry.pdf
registry,423,https://qpp.cms.gov/docs/QPP_quality_measure_specifications/Claims-Registry-Measures/2017_Measure_423_Registry.pdf
registry,424,https://qpp.cms.gov/docs/QPP_quality_measure_specifications/Claims-Registry-Measures/2017_Measure_424_Registry.pdf
registry,425,https://qpp.cms.gov/docs/QPP_quality_measure_specifications/Claims-Registry-Measures/2017_Measure_425_Registry.pdf
registry,426,https://qpp.cms.gov/docs/QPP_quality_measure_specifications/Claims-Registry-Measures/2017_Measure_426_Registry.pdf
registry,427,https://qpp.cms.gov/docs/QPP_quality_measure_specifications/Claims-Registry-Measures/2017_Measure_427_Registry.pdf
registry,428,https://qpp.cms.gov/docs/QPP_quality_measure_specifications/Claims-Registry-Measures/2017_Measure_428_Registry.pdf
registry,429,https://qpp.cms.gov/docs/QPP_quality_measure_specifications/Claims-Registry-Measures/2017_Measure_429_Registry.pdf
registry,430,https://qpp.cms.gov/docs/QPP_quality_measure_specifications/Claims-Registry-Measures/2017_Measure_430_Registry.pdf
registry,431,https://qpp.cms.gov/docs/QPP_quality_measure_specifications/Claims-Registry-Measures/2017_Measure_431_Registry.pdf
registry,432,https://qpp.cms.gov/docs/QPP_quality_measure_specifications/Claims-Registry-Measures/2017_Measure_432_Registry.pdf
registry,433,https://qpp.cms.gov/docs/QPP_quality_measure_specifications/Claims-Registry-Measures/2017_Measure_433_Registry.pdf
registry,434,https://qpp.cms.gov/docs/QPP_quality_measure_specifications/Claims-Registry-Measures/2017_Measure_434_Registry.pdf
registry,435,https://qpp.cms.gov/docs/QPP_quality_measure_specifications/Claims-Registry-Measures/2017_Measure_435_Registry.pdf
registry,436,https://qpp.cms.gov/docs/QPP_quality_measure_specifications/Claims-Registry-Measures/2017_Measure_436_Registry.pdf
registry,437,https://qpp.cms.gov/docs/QPP_quality_measure_specifications/Claims-Registry-Measures/2017_Measure_437_Registry.pdf
registry,438,https://qpp.cms.gov/docs/QPP_quality_measure_specifications/Claims-Registry-Measures/2017_Measure_438_Registry.pdf
registry,439,https://qpp.cms.gov/docs/QPP_quality_measure_specifications/Claims-Registry-Measures/2017_Measure_439_Registry.pdf
registry,440,https://qpp.cms.gov/docs/QPP_quality_measure_specifications/Claims-Registry-Measures/2017_Measure_440_Registry.pdf
registry,441,https://qpp.cms.gov/docs/QPP_quality_measure_specifications/Claims-Registry-Measures/2017_Measure_441_Registry.pdf
registry,442,https://qpp.cms.gov/docs/QPP_quality_measure_specifications/Claims-Registry-Measures/2017_Measure_442_Registry.pdf
registry,443,https://qpp.cms.gov/docs/QPP_quality_measure_specifications/Claims-Registry-Measures/2017_Measure_443_Registry.pdf
registry,444,https://qpp.cms.gov/docs/QPP_quality_measure_specifications/Claims-Registry-Measures/2017_Measure_444_Registry.pdf
registry,445,https://qpp.cms.gov/docs/QPP_quality_measure_specifications/Claims-Registry-Measures/2017_Measure_445_Registry.pdf
registry,446,https://qpp.cms.gov/docs/QPP_quality_measure_specifications/Claims-Registry-Measures/2017_Measure_446_Registry.pdf
registry,447,https://qpp.cms.gov/docs/QPP_quality_measure_specifications/Claims-Registry-Measures/2017_Measure_447_Registry.pdf
registry,448,https://qpp.cms.gov/docs/QPP_quality_measure_specifications/Claims-Registry-Measures/2017_Measure_448_Registry.pdf
registry,449,https://qpp.cms.gov/docs/QPP_quality_measure_specifications/Claims-Registry-Measures/2017_Measure_449_Registry.pdf
registry,450,https://qpp.cms.gov/docs/QPP_quality_measure_specifications/Claims-Registry-Measures/2017_Measure_450_Registry.pdf
registry,451,https://qpp.cms.gov/docs/QPP_quality_measure_specifications/Claims-Registry-Measures/2017_Measure_451_Registry.pdf
registry,452,https://qpp.cms.gov/docs/QPP_quality_measure_specifications/Claims-Registry-Measures/2017_Measure_452_Registry.pdf
registry,453,https://qpp.cms.gov/docs/QPP_quality_measure_specifications/Claims-Registry-Measures/2017_Measure_453_Registry.pdf
registry,454,https://qpp.cms.gov/docs/QPP_quality_measure_specifications/Claims-Registry-Measures/2017_Measure_454_Registry.pdf
registry,455,https://qpp.cms.gov/docs/QPP_quality_measure_specifications/Claims-Registry-Measures/2017_Measure_455_Registry.pdf
registry,456,https://qpp.cms.gov/docs/QPP_quality_measure_specifications/Claims-Registry-Measures/2017_Measure_456_Registry.pdf
registry,457,https://qpp.cms.gov/docs/QPP_quality_measure_specifications/Claims-Registry-Measures/2017_Measure_457_Registry.pdf
registry,452,https://qpp.cms.gov/docs/QPP_quality_measure_specifications/Claims-Registry-Measures/2017_Measure_452_Registry.pdf
registry,453,https://qpp.cms.gov/docs/QPP_quality_measure_specifications/Claims-Registry-Measures/2017_Measure_453_Registry.pdf
registry,454,https://qpp.cms.gov/docs/QPP_quality_measure_specifications/Claims-Registry-Measures/2017_Measure_454_Registry.pdf
registry,455,https://qpp.cms.gov/docs/QPP_quality_measure_specifications/Claims-Registry-Measures/2017_Measure_455_Registry.pdf
registry,456,https://qpp.cms.gov/docs/QPP_quality_measure_specifications/Claims-Registry-Measures/2017_Measure_456_Registry.pdf
registry,457,https://qpp.cms.gov/docs/QPP_quality_measure_specifications/Claims-Registry-Measures/2017_Measure_457_Registry.pdf
